Place Name,Category,Description,Location,Entry Fee (BDT),Opening Hours
Patenga Sea Beach,Beach,A beautiful beach with a view of the hills.,"Patenga, Chittagong",Free,Open 24 hours
Foy’s Lake Concord,Amusement Park,An amusement park with a lake and a cable car ride.,"Pahartali, Chittagong",200 BDT,10:00 AM to 8:00 PM
Shrine of Bayazid Bostami,Religious Site,A shrine dedicated to a famous Sufi saint.,"Nasirabad, Chittagong",Free,Open 24 hours
Shishu Park Chittagong,Amusement Park,An amusement park with rides and a water park.,"Sholoshahar, Chittagong",50 BDT,10:00 AM to 8:00 PM
Ethnological Museum,Museum,A museum showcasing the history and culture of Bangladesh.,"Agrabad, Chittagong",20 BDT,10:00 AM to 5:00 PM
Hazarikhil Wildlife Sanctuary,Wildlife Sanctuary,A wildlife sanctuary with a variety of flora and fauna.,"Sitakunda, Chittagong",Free,Open 24 hours
Chittagong Zoo,Zoo,"Chittagong Zoo is a zoo that is home to a wide variety of animals, including Bengal tigers, lions, elephants, and monkeys.","Foy’s Lake, Chittagong City",50 BDT,10:00 AM - 5:30 PM
Chandranath Hills and Temples,Historical Site,Chandranath Hills and Temples is a historical site that is known for its rich history.,"Sitakunda Upazila, Chittagong",Free,N/A
Cox’s Bazar Sea Beach,Beach,Cox’s Bazar Sea Beach is largest beach in the world and the most popular tourist destination in Bangladesh.,"Laboni Beach Rd, Cox’s Bazar, Chattogram",Free,Open 24 hours
Saint Martin,Island,A picturesque island with turquoise waters and coconut trees.,"Saint Martin’s Island, Teknaf, Cox’s Bazar",Free,Open 24 hours
Maheshkhali,Island,A beautiful island with a Buddhist temple and a Hindu temple.,"Maheshkhali Island, Cox’s Bazar",Free,Open 24 hours
Inani Sea Beach,Beach,A serene beach with crystal clear water and coral reefs.,"Inani Beach, Cox’s Bazar",Free,Open 24 hours
Himchari,Waterfall,Himchari has scenic waterfall with a beautiful view of the sea.,"Himchari, Cox’s Bazar",Free,Open 24 hours
Chera Dwip,Island,A small island with a beautiful beach and a lighthouse.,"Chera Dwip, Cox’s Bazar",Free,Open 24 hours
Sonadia Island,Island,A beautiful island with a mangrove forest and a fishing village.,"Sonadia Island, Cox’s Bazar",Free,Open 24 hours
Radiant Fish World,Aquarium,An aquarium with a variety of fish and other marine creatures.,"Marine Drive Road, Cox’s Bazar",50 BDT,9:00 AM to 6:00 PM
Shapuree Island/Shah Porir Dwip,Island,A small island with a beautiful beach and a lighthouse.,"Shapuree Island, Cox’s Bazar",Free,Open 24 hours
Ramu Rubber Garden,Garden,A beautiful garden with rubber trees and a lake.,"Ramu, Cox’s Bazar",Free,9:00 AM to 5:00 PM
Nivrite Nishorgo Park,Park,A nature park with a variety of flora and fauna.,"Teknaf, Cox’s Bazar",Free,Open 24 hours
Lamapara Khiang,Temple,A beautiful Buddhist temple with a scenic view of the sea.,"Ramu, Cox’s Bazar",Free,9:00 AM to 5:00 PM
Inani Royal Resort,Resort,A luxury resort with a private beach and a swimming pool.,"Inani Beach, Cox’s Bazar",5000 BDT,Open 24 hours
Mathiner Kup – Well of Mathin,Well,A historical well with a beautiful view of the sea.,"Teknaf, Cox’s Bazar",Free,Open 24 hours
Royal Tulip Sea Pearl Beach Resort And Spa,Resort,A luxury resort with a private beach and a spa.,"Jaliapalong, Inani, Cox’s Bazar",8000 BDT,Open 24 hours
Mermaid Beach Resort,Resort,A luxury resort with a private beach and a swimming pool.,"Marine Drive Road, Cox’s Bazar",5000 BDT,Open 24 hours
SHAMLAPUR BEACH,Beach,A beautiful beach with a view of the hills.,"Shamlapur, Cox’s Bazar",Free,Open 24 hours
Adinath Temple,Temple,A beautiful Hindu temple with a scenic view of the sea.,"Maheshkhali Island, Cox’s Bazar",Free,Open 24 hours
Dulahazara Safari Park,Safari Park,A wildlife park with a variety of animals.,"Dulahazara, Cox’s Bazar",100 BDT,9:00 AM to 5:00 PM
Kutubdia,Island,A small island with a beautiful beach and a lighthouse.,"Kutubdia Island, Cox’s Bazar",Free,Open 24 hours
Doria Nogor,Village,A beautiful village with a scenic view of the sea.,"Doria Nogor, Cox’s Bazar",Free,Open 24 hours
Marine Drive Road,Road,A scenic road with a beautiful view of the sea.,"Marine Drive Road, Cox’s Bazar",Free,Open 24 hours
RAMU BUDDHIST MONASTERY,Monastery,A beautiful Buddhist monastery with a scenic view of the sea.,"Ramu, Cox’s Bazar",Free,9:00 AM to 5:00 PM
Shalbon Buddha Bihar,Archaeological Site,A historical site known for its rich history and archaeological remains.,"Kotbari, Comilla",Free,Open 24 hours
Mainamati Museum,Museum,A museum showcasing the history and culture of Bangladesh.,"Mainamati Cantonment, Comilla",20 BDT,10:00 AM to 5:00 PM
Moynamoti War Cemetery,Cemetery,A war cemetery dedicated to the soldiers who died in World War II.,"Moynamoti, Comilla",Free,Open 24 hours
Nobo Shalbon Bihar,Archaeological Site,A historical site known for its rich history and archaeological remains.,"Kotbari, Comilla",Free,Open 24 hours
Jahapur Zamidar Bari,Historical Site,A historical site with a beautiful garden and a pond.,"Jahapur, Comilla",Free,Open 24 hours
Itakhola Mura,Archaeological Site,A historical site with a Buddhist temple and a stupa.,"Itakhola, Comilla",Free,Open 24 hours
Dino Park,Amusement Park,An amusement park with dinosaur-themed rides and attractions.,"Dhaka-Chittagong Highway, Comilla",200 BDT,10:00 AM to 8:00 PM
"Bangladesh Academy for Rural Development, BARD",Museum,A museum showcasing the rural development of Bangladesh.,"Kotbari, Comilla",Free,10:00 AM to 5:00 PM
Rupban Mura,Archaeological Site,A historical site with a Buddhist temple and a stupa.,"Rupban Mura, Comilla",Free,Open 24 hours
Palace of Queen Mainamati,Historical Site,A historical site with a beautiful garden and a pond.,"Mainamati Cantonment, Comilla",Free,Open 24 hours
Ananda Bihara,Temple,A beautiful Buddhist temple with a scenic view of the hills.,"Shalban Vihara, Comilla",Free,Open 24 hours
Fun Town,Amusement Park,An amusement park with rides and attractions for all ages.,"Dhaka-Chittagong Highway, Comilla",200 BDT,10:00 AM to 8:00 PM
Magic Paradise Park,Amusement Park,An amusement park with rides and attractions for all ages.,"Dhaka-Chittagong Highway, Comilla",200 BDT,10:00 AM to 8:00 PM
Dharmasagar Dighi,Lake,A beautiful lake with a view of the surrounding hills.,"Dharmasagar, Comilla",Free,Open 24 hours
Bijoy Singh Dighi,Archaeological Site,A historical site known for its rich history and archaeological remains.,"Vijay Singh village, Feni",Free,Open 24 hours
Muhuri Project,Irrigation Project,"The second largest irrigation project in Bangladesh, also known for being the first wind power plant and the largest fish zone in the country.",Feni,Free,Open 24 hours
Abdus Salam Sriti Museum,Museum,A museum showcasing the life and work of Nobel laureate Abdus Salam.,Feni,Free,10:00 AM to 5:00 PM
Pratappur Zamindar Bari,Historical Site,A historical site with a beautiful garden and a pond.,"Pratappur, Feni",Free,Open 24 hours
Rajajhir Dhigi,Archaeological Site,A historical site with a Buddhist temple and a stupa.,"Rajajhir, Feni",Free,Open 24 hours
Shamser Gazir Bansher Kella Resort,Resort,A resort with a view of the hills and a swimming pool.,"Shamser Gazi Road, Feni",2000 BDT,Open 24 hours
Shamsher Gazi Pond,Pond,A beautiful pond with a view of the surrounding hills.,"Shamsher Gazi Road, Feni",Free,Open 24 hours
Rubber Garden,Garden,A beautiful garden with rubber trees and a lake.,Feni,Free,9:00 AM to 5:00 PM
Shamsher Gazi’s Tunnel,Historical Site,A historical site with a tunnel built by the famous dacoit Shamsher Gazi.,Feni,Free,Open 24 hours
Nijhum Dip,Island,"Nijhum Dip is a picturesque island that is known for its serene beaches, abundant wildlife, and lush greenery. You can explore the mangrove forests, go bird watching, or simply relax on the golden sands.","Hatia Upazila, Noakhali",Free,N/A
Bajra Shahi Mosque,Mosque,Bajra Shahi Mosque is an awe-inspiring mosque that is known for its rich history.,Noakhali,Free,9:00 AM - 5:00 PM
Noakhali Dream World Park,Amusement Park,Noakhali Dream World Park is an exciting amusement park that offers fun and excitement for all ages.,"Maijdee Court, Noakhali",100 BDT,10:00 AM - 8:00 PM
Gandhi Ashram Trust,Historical Site,Gandhi Ashram Trust is a historical site that is dedicated to Mahatma Gandhi.,Noakhali,Free,9:00 AM - 5:00 PM
Birshrestho Ruhul Amin Memorial Museum,Museum,Birshrestho Ruhul Amin Memorial Museum is a museum that is dedicated to the life and legacy of Birshrestho Ruhul Amin.,"Maijdee Court, Noakhali",Free,9:00 AM - 5:00 PM
Muchapura/Musapur Closure,Historical Site,Muchapura/Musapur Closure is a historical site that is known for its rich history.,Noakhali,Free,N/A
Noakhali Central Shohid Minar,Monument,Noakhali Central Shohid Minar is a monument that is dedicated to the martyrs of the Language Movement.,Noakhali,Free,N/A
Noakhali Zilla Jame Mosque,Mosque,Noakhali Zilla Jame Mosque is a beautiful mosque that is known for its intricate architecture.,Noakhali,Free,9:00 AM - 5:00 PM
Char Alexander,Historical Site,"Char Alexander is one of the tourist areas in Laxmipur where you can immerse yourself in the beauty of the Meghna Embankment and river. This charming destination, named after an English revenue collector named Alexander, offers a serene escape from the hustle and bustle of everyday life. As you explore Char Alexander, you will be captivated by the picturesque green fields surrounding you, the gentle waves of the clouds brushing against the dam, and the breathtaking beauty of nature. In addition to the Meghna Embankment and river, there are other attractions worth visiting in Char Alexander. The Chairman Ghat offers a tranquil spot to relax and enjoy the view, while Suvarna Char and Nuru Patwari Char are also worth exploring. Spending an afternoon in perfect harmony with nature and witnessing the mesmerizing sunset will surely rejuvenate your soul and provide a much-needed break from the monotony of work life. While you are here, don’t miss the opportunity to try the delicious buffalo milk yogurt available in Char Alexander. Its creamy texture and rich flavor will leave you wanting more. To reach Char Alexander, you can take a bus from Sayedabad bus terminal in Dhaka to Laxmipur. The journey takes approximately 4-5 hours, and the fare ranges from Tk 400 to Tk 800 per person. From Laxmipur Jhumur Cinema Hall, you can take a local bus to Alexander Ghat, which will cost around Tk 50. Alternatively, you can also reach Char Alexander by taking a bus from Chittagong to Ramgati and then proceeding to Alexander Launch Ghat. If you prefer a more direct route, you can take a bus from Dhaka to Sonapur and then transfer to a Suvarnachar Express bus or CNG to reach Chairman Ghat in Char Alexander. With its stunning natural beauty and peaceful ambiance, Char Alexander is a must-visit destination for those seeking tranquility amidst nature’s embrace.",Laxmipur,Free,N/A
Dalal Bazar Zamidar Bari,Historical Site,Dalal Bazar Zamidar Bari is a historical site that is known for its rich history.,Laxmipur,Free,N/A
Motirhat Beach,Beach,Motirhat Beach is a serene beach that is known for its scenic beauty.,Laxmipur,Free,N/A
Jiner Mosjid,Mosque,Jiner Mosjid is a beautiful mosque that is known for its intricate architecture.,Laxmipur,Free,N/A
Raipur Fish Hatchery and Training Center,Fish Hatchery,Raipur Fish Hatchery and Training Center is a fish hatchery that is known for its sustainable practices.,Laxmipur,Free,9:00 AM - 5:00 PM
Khoa Sagor Dighi,Lake,Khoa Sagor Dighi is a lake that is known for its scenic beauty.,Laxmipur,Free,N/A
Comrade Toaha Smriti Soudho,Historical Site,Comrade Toaha Smriti Soudho is a historical site that is dedicated to Comrade Toaha.,Laxmipur,Free,N/A
Tita Kha Jame Mosque,Mosque,Tita Kha Jame Mosque is a beautiful mosque that is known for its intricate architecture.,Laxmipur,Free,N/A
The Shrine of Hazrat Shahrasti,Religious Site,"The Shrine of Hazrat Shahrasti is a religious site dedicated to Hazrat Rasti Shah, a preacher of Islam. The shrine is located in the Sripur village of Shahrasti Upazila of the Chandpur district.","Shahrasti Upazila, Chandpur",Free,N/A
Lohagara Monastery,Historical Site,Lohagara Monastery is an ancient Buddhist monastery located in Faridganj Upazila of the Chandpur district.,"Faridganj Upazila, Chandpur",Free,N/A
Hajiganj Fort,Historical Site,Hajiganj Fort is a historic fort that was built during the Mughal period. The fort is located in Hajiganj Upazila of the Chandpur district.,"Hajiganj Upazila, Chandpur",Free,N/A
Monsamura Doati,Historical Site,Monsamura Doati is a historical site that is known for its rich history.,Chandpur,Free,N/A
"Palace of Nagraja, Moth &amp; Dighi",Historical Site,"Palace of Nagraja, Moth &amp; Dighi is a historical site that is known for its rich history.",Chandpur,Free,N/A
Rupsa Jomidar Palace,Historical Site,Rupsa Jomidar Palace is a historical palace that is known for its rich history.,Chandpur,Free,N/A
Sahebganj Nilkuthi,Historical Site,Sahebganj Nilkuthi is a historical site that is known for its rich history.,Chandpur,Free,N/A
Mohamaya Lake,Lake,Mohamaya Lake is a beautiful lake that is known for its scenic beauty. It is located in the Foy’s Lake area of Chittagong.,"Foy’s Lake, Chittagong City",Free,N/A
Sitakundo Eco Park,Park,Sitakundo Eco Park is a beautiful park that is known for its scenic beauty. It is located in the Sitakunda Upazila of Chittagong.,"Sitakunda Upazila, Chittagong",Free,N/A
Sajek Valley,Valley,"Sajek Valley is a popular ecotourism destination that offers breathtaking views of the surrounding hills and forests. You can immerse yourself in the rich cultural heritage of the local communities, indulge in mouthwatering local cuisine, and explore the stunning natural beauty of the valley.","Baghaichhari Upazila, Rangamati",Free,N/A
Kaptai Lake,Lake,"Kaptai Lake is the largest artificial lake in South Asia and is known for its stunning hills, mesmerizing greenery, and tranquil waters. You can enjoy a boat ride and cruise along the calm waters, surrounded by lush green hills.",Rangamati,Free,N/A
Jhulonto Bridge,Bridge,Jhulonto Bridge is a popular landmark icon of Rangamati that offers mesmerizing views of the surrounding hills and forests.,Rangamati,Free,N/A
Rajban Bihar,Religious Site,Rajban Bihar is a spiritual site that is dedicated to Lord Buddha. The site is located in the Rangamati district and is known for its serene ambiance and beautiful architecture.,Rangamati,Free,N/A
Shuvalong Jhorna,Waterfall,Shuvalong Jhorna is a beautiful waterfall that is known for its cascading waters and picturesque surroundings.,Rangamati,Free,N/A
Hazachora Waterfalls/Shuknachara Falls,Waterfall,Hazachora Waterfalls/Shuknachara Falls is a beautiful waterfall that is known for its scenic beauty.,Rangamati,Free,N/A
Happy Island,Island,Happy Island is a serene island that is known for its scenic beauty and tranquil ambiance.,Rangamati,Free,N/A
Polwel Park,Park,Polwel Park is a beautiful park that is known for its scenic beauty and tranquil ambiance.,Rangamati,Free,N/A
Birsrestha Munshi Abdur Rauf Monument,Monument,Birsrestha Munshi Abdur Rauf Monument is a monument that is dedicated to the memory of Birsrestha Munshi Abdur Rauf.,Rangamati,Free,N/A
Komlok Waterfalls,Waterfall,Komlok Waterfalls is a beautiful waterfall that is known for its scenic beauty.,Rangamati,Free,N/A
Muppochora Jhorna,Waterfall,Muppochora Jhorna is a beautiful waterfall that is known for its scenic beauty.,Rangamati,Free,N/A
Lake View Island,Island,Lake View Island is a serene island that is known for its scenic beauty and tranquil ambiance.,Rangamati,Free,N/A
Aronnak Holiday Resort,Resort,Aronnak Holiday Resort is a relaxing resort that offers a peaceful escape from the hustle and bustle of everyday life.,Rangamati,Free,N/A
Dhuppani Waterfall,Waterfall,Dhuppani Waterfall is a majestic waterfall that is known for its scenic beauty.,Rangamati,Free,N/A
Keokradong,Peak,"The highest peak in Bangladesh, offering panoramic views of the surrounding hills and valleys",Ruma Upazila,N/A,N/A
Boga Lake,Lake,A serene lake surrounded by lush green hills,Ruma Upazila,N/A,N/A
Nilachal,Hill,A hilltop offering a panoramic view of the surrounding hills and valleys,Thanchi Upazila,N/A,N/A
Nilgiri Mountains,Mountain,"A mountain range with a height of 2200 feet, offering breathtaking views of the surrounding landscape",Thanchi Upazila,N/A,N/A
Sangu River,River,"A scenic river with crystal clear water, ideal for boating and swimming",Ruma Upazila,N/A,N/A
Nafakum Waterfall,Waterfall,A picturesque waterfall surrounded by lush green hills,Thanchi Upazila,N/A,N/A
Buddha Dhatu Jadi,Temple,A beautiful temple with intricate architecture and stunning views of the surrounding hills,Bandarban Sadar Upazila,N/A,N/A
Chimbuk Hill,Hill,A hilltop offering panoramic views of the surrounding hills and valleys,Ruma Upazila,N/A,N/A
Shoilo Propat,Waterfall,A beautiful waterfall surrounded by lush green hills,Ruma Upazila,N/A,N/A
Rijuk Waterfall,Waterfall,A picturesque waterfall surrounded by lush green hills,Ruma Upazila,N/A,N/A
Alutila Cave,Cave,"A natural wonder filled with mystery and awe, offering endless opportunities to capture the beauty of the underground world",Khagrachhari Town,N/A,N/A
Matai Pukhiri,Lake,A serene lake surrounded by lush greenery,Khagrachhari Town,N/A,N/A
Horticulture Heritage Park,Park,"A park with a wide variety of flora and fauna, including rare and exotic species",Khagrachhari Town,N/A,N/A
Mung Rajbari,Historical Site,A historical palace with intricate architecture and stunning views of the surrounding hills,Khagrachhari Town,N/A,N/A
Panchari Shantipur Aranya Kutir,Eco Resort,An eco-friendly resort surrounded by lush greenery and offering a peaceful retreat from the hustle and bustle of city life,Panchari Upazila,N/A,N/A
Hatimatha Pahar,Hill,A hilltop offering panoramic views of the surrounding hills and valleys,Dighinala Upazila,N/A,N/A
Newzeland Para,Village,A picturesque village with a unique blend of indigenous and modern culture,Khagrachhari Town,N/A,N/A
Risang Jorna,Waterfall,A picturesque waterfall surrounded by lush green hills,Khagrachhari Town,N/A,N/A
Mayabini Lake,Lake,A beautiful lake surrounded by lush green hills,Khagrachhari Town,N/A,N/A
Taiduchara Waterfall,Waterfall,A picturesque waterfall surrounded by lush green hills,Khagrachhari Town,N/A,N/A
Alutila Cave,Cave,"A natural wonder filled with mystery and awe, offering endless opportunities to capture the beauty of the underground world",Khagrachhari Town,N/A,N/A
Matai Pukhiri,Lake,A serene lake surrounded by lush greenery,Khagrachhari Town,N/A,N/A
Horticulture Heritage Park,Park,"A park with a wide variety of flora and fauna, including rare and exotic species",Khagrachhari Town,N/A,N/A
Mung Rajbari,Historical Site,A historical palace with intricate architecture and stunning views of the surrounding hills,Khagrachhari Town,N/A,N/A
Panchari Shantipur Aranya Kutir,Eco Resort,An eco-friendly resort surrounded by lush greenery and offering a peaceful retreat from the hustle and bustle of city life,Panchari Upazila,N/A,N/A
Hatimatha Pahar,Hill,A hilltop offering panoramic views of the surrounding hills and valleys,Dighinala Upazila,N/A,N/A
Newzeland Para,Village,A picturesque village with a unique blend of indigenous and modern culture,Khagrachhari Town,N/A,N/A
Risang Jorna,Waterfall,A picturesque waterfall surrounded by lush green hills,Khagrachhari Town,N/A,N/A
Mayabini Lake,Lake,A beautiful lake surrounded by lush green hills,Khagrachhari Town,N/A,N/A
Taiduchara Waterfall,Waterfall,A picturesque waterfall surrounded by lush green hills,Khagrachhari Town,N/A,N/A
Lalbagh Fort,Fort,"A well-preserved archeological structure that was built in the seventh century, exhibiting the engineering subtlety of hundred years earlier",Dhaka South City,N/A,N/A
Ahsan Manzil,Historical Site,A historical palace with intricate architecture and stunning views of the surrounding hills,Dhaka South City,N/A,N/A
Baldha Garden,Botanical Garden,"A garden with a wide variety of flora and fauna, including rare and exotic species",Wari,N/A,N/A
Dhaka Zoo,Zoo,A plethora of wild animals and unique birds,Mirpur,N/A,N/A
Bangladesh National Museum,Museum,A museum with a lot of evidence of ancient civilization and early technological &amp; archaeological structure remanence,Shahbagh,N/A,N/A
Liberation War Museum,Museum,A museum with a lot of significant things and evidence of the liberation war of the county,Segunbagicha,N/A,N/A
Ramna Park,Park,A park with a lot of greenery and a lake,Ramna,N/A,N/A
Nandan Park,Amusement Park,A theme park with a lot of amazing rides,Savar,N/A,N/A
Jatiyo Sriti Shoudho,Monument,A monument dedicated to the martyrs of the Bangladesh Liberation War,Savar,N/A,N/A
Bhawal Rajbari,Historical Site,A historical palace with intricate architecture and stunning views of the surrounding hills,Jaydebpur,N/A,N/A
Baldhar Zamindar Bari,Historical Site,A historical palace with intricate architecture and stunning views of the surrounding hills,N/A,N/A,N/A
Ancient Capital Indrakpur,Historical Site,An ancient capital with a rich history and heritage,Sreepur,N/A,N/A
Boliadi Zamindar Bari,Historical Site,A historical palace with intricate architecture and stunning views of the surrounding hills,N/A,N/A,N/A
Kashimpur Zamindar Bari,Historical Site,A historical palace with intricate architecture and stunning views of the surrounding hills,N/A,N/A,N/A
St. Nicholas Church,Church,A beautiful church with intricate architecture and stunning views of the surrounding hills,Kaliganj,N/A,N/A
Bhawal National Park,National Park,"A national park with a wide variety of flora and fauna, including rare and exotic species",N/A,N/A,N/A
Nuhash Polli,Park,"A park with a wide variety of flora and fauna, including rare and exotic species",N/A,N/A,N/A
Monpura Parks,Park,"A park with a wide variety of flora and fauna, including rare and exotic species",N/A,N/A,N/A
Boro bhuiyan Bari,Historical Site,A historical palace with intricate architecture and stunning views of the surrounding hills,N/A,N/A,N/A
Dream Holiday Park,Amusement Park,"Offers a variety of attractions and amenities for you to enjoy during your visit. One of the main highlights of the park is the range of water activities available. You can have a thrilling experience riding the water bumper cars or take a ride on the speedboats, feeling the wind in your hair as you zip across the water. The park also features a water pool where you can relax and listen to the soothing sound of the waves. When it comes to food options, the park’s restaurant is sure to satisfy your taste buds. You can indulge in a delicious array of dishes including Chinese and Bengali cuisine, freshly made chapatis, mouthwatering fuchka, and delectable ice cream. Whether you’re craving something savory or sweet, the restaurant has something to please every palate. If you’re planning to stay overnight, Dream Holiday Park has accommodation facilities available for you and your family. The park offers a range of comfortable rooms where you can relax and unwind after a fun-filled day. Additionally, the park has its own luxury cottages, allowing you to choose the perfect accommodation option that suits your needs. Dream Holiday Park truly has something for everyone. From exciting water activities to delectable food options and comfortable accommodation facilities, this park is the perfect destination for a dream vacation.",Narsingdi,200,10:00 AM - 8:00 PM
Balapur Zamindar Bari,Historical Landmark,"A historical palace built in the 19th century by the Balapur zamindars. The palace is a two-storied building with a large pond in front of it. The palace is now in ruins, but it still retains its old-world charm.","Balapur, Narsingdi",Free,N/A
Lokkhon Shahar Jomidar Bari,Historical Landmark,"A historical palace built in the 19th century by the Lokkhon Shahar zamindars. The palace is a two-storied building with a large pond in front of it. The palace is now in ruins, but it still retains its old-world charm.","Lokkhon Shahar, Narsingdi",Free,N/A
Wari Bateshwar,Archaeological Site,An archaeological site located in the Belabo Upazila of Narsingdi district. The site contains the ruins of an ancient city that dates back to the 7th century BCE. The site is believed to have been an important center of trade and commerce during the ancient period.,"Belabo, Narsingdi",Free,N/A
Bhai Girish Chandra Sen Museum,Museum,"A museum dedicated to the life and works of Bhai Girish Chandra Sen, a renowned social reformer and philanthropist. The museum contains a collection of artifacts, photographs, and documents related to his life and works.",Narsingdi,50,10:00 AM - 5:00 PM
Bir Shreshtha Matiur Rahman Memorial Museum,Museum,"A museum dedicated to the life and works of Bir Shreshtha Matiur Rahman, a war hero who fought in the Bangladesh Liberation War. The museum contains a collection of artifacts, photographs, and documents related to his life and works.",Narsingdi,Free,10:00 AM - 5:00 PM
Sonaimuri Tek,Religious Site,A mosque located in the Sonaimuri village of Narsingdi district. The mosque is believed to have been built during the Mughal period and is considered to be an important example of Mughal architecture.,"Sonaimuri, Narsingdi",Free,N/A
Atkandi Nilkuthi Mosque,Religious Site,A mosque located in the Atkandi village of Narsingdi district. The mosque is believed to have been built during the Mughal period and is considered to be an important example of Mughal architecture.,"Atkandi, Narsingdi",Free,N/A
Lotkon Garden,Botanical Garden,"A botanical garden located in the Lotkon village of Narsingdi district. The garden contains a variety of plants and flowers, including rare and exotic species.","Lotkon, Narsingdi",50,9:00 AM - 5:00 PM
Heritage Eco Resort,Resort,"A luxurious resort located in the Narsingdi district. The resort offers a range of amenities and facilities, including a swimming pool, a spa, a restaurant, and a bar. The resort also offers a range of outdoor activities, including fishing, boating, and cycling.",Narsingdi,5000,24 hours
Shah Irani Mazar Sharif,Religious Site,"A sacred shrine located in the Narsingdi district. The shrine is dedicated to Shah Irani, a Sufi saint who is believed to have lived in the area during the 18th century. The shrine is a popular destination for pilgrims and visitors alike, who come to pay their respects and seek blessings.",Narsingdi,Free,N/A
Asrafpur Mosque,Religious Site,A mosque located in the Asrafpur village of Narsingdi district. The mosque is believed to have been built during the Mughal period and is considered to be an important example of Mughal architecture.,"Asrafpur, Narsingdi",Free,N/A
Belab Bazar Mosque,Religious Site,A mosque located in the Belab Bazar area of Narsingdi district. The mosque is believed to have been built during the Mughal period and is considered to be an important example of Mughal architecture.,"Belab Bazar, Narsingdi",Free,N/A
Bir Shreshtha Matiur Rahman Memorial Museum,Museum,"A museum dedicated to the life and works of Bir Shreshtha Matiur Rahman, a war hero who fought in the Bangladesh Liberation War. The museum contains a collection of artifacts, photographs, and documents related to his life and works.",Narsingdi,Free,10:00 AM - 5:00 PM
Dewan Sharif Mosque,Religious Site,A mosque located in the Dewan Sharif village of Narsingdi district. The mosque is believed to have been built during the Mughal period and is considered to be an important example of Mughal architecture.,"Dewan Sharif, Narsingdi",Free,N/A
Narsingdi Arshinagor Park,Park,"A park located in the Narsingdi district. The park features a variety of attractions and amenities, including a playground, a walking track, and a picnic area.",Narsingdi,Free,N/A
Sonaimuri Benodon Park,Park,"A park located in the Sonaimuri village of Narsingdi district. The park features a variety of attractions and amenities, including a playground, a walking track, and a picnic area.","Sonaimuri, Narsingdi",Free,N/A
Baliati Zamindar Bari,Historical Landmark,"A traditional palace complex built in the 19th century that is a testament to the glory of the zamindars of that time. The complex is spread across an area of 16,554 square meters and features four multi-storey buildings that showcase exquisite craftsmanship and fine construction techniques. The lime-surkey, iron plates, and clay used in the construction of the buildings contribute to their durability, with walls that are about 20 inches thick. The complex is now preserved and managed by the Bangladesh Archaeological Department.","Baliati, Manikganj",20,N/A
Teota Zamindar Bari,Historical Landmark,"A popular attraction for visitors to explore. With its historical significance, architectural beauty, and influence on Kazi Nazrul Islam, this place holds a special place in the hearts of many.","Teota, Manikganj",Free,N/A
Nahar Garden Picnic Spot,Picnic Spot,"A picturesque picnic spot located in Manikganj. The garden features a variety of attractions and amenities, including a playground, a walking track, and a picnic area.",Manikganj,50,N/A
Betila Zamindar Bari,Historical Landmark,A historical palace built in the 19th century by the Betila zamindars. The palace is a two-storied building with a large pond in front of it.,"Betila, Manikganj",Free,N/A
Jhitka,Natural Attraction,A scenic location in Manikganj district that is famous for its stunning mustard flowers.,"Jhitka, Manikganj",Free,N/A
Asrafpur Mosque,Religious Site,A mosque located in the Asrafpur village of Manikganj district. The mosque is believed to have been built during the Mughal period and is considered to be an important example of Mughal architecture.,"Asrafpur, Manikganj",Free,N/A
Belab Bazar Mosque,Religious Site,A mosque located in the Belab Bazar area of Manikganj district. The mosque is believed to have been built during the Mughal period and is considered to be an important example of Mughal architecture.,"Belab Bazar, Manikganj",Free,N/A
Idrakpur Fort,Historical Landmark,"A prime example of Mughal architecture, the Idrakpur Fort was built in 1660 by Mir Jumla to protect the area from mug pirates and Portuguese invaders. The fort spans an impressive length of 82 meters and a width of 72 meters. Its architectural features are truly remarkable. The circular fence surrounding each corner of the fort, along with the arched door on the north side, adds to its grandeur. The walls are peppered with holes, cleverly designed for firing at enemies. A circular platform can be found in the middle of the main wall on the east side, allowing for monitoring of enemy movement from a distance.","Baliati, Manikganj",20,N/A
Birthplace of Atish Dipanker,Historical Landmark,"Located in the village of Vajrayogini in Bikrampur Pargana, this place holds immense cultural significance and historical importance for Buddhists around the world. Atish Dipankar, considered the second most important figure in Buddhism after Gautama Buddha, was born here in 982 AD.","Vajrayogini, Manikganj",Free,N/A
Polghata Bridge,Bridge,A popular destination for visitors to explore. The bridge spans the mighty Meghna River and offers breathtaking views of the surrounding landscape.,Munshiganj,Free,N/A
Sholoani Saikat,Picnic Spot,"A serene and picturesque picnic spot located in Manikganj. The garden features a variety of attractions and amenities, including a playground, a walking track, and a picnic area.",Manikganj,50,N/A
Rai Bahadur Srinath Palace,Historical Landmark,"A magnificent palace built in the early 20th century by Rai Bahadur Srinath, a wealthy landowner and philanthropist. The palace is a two-storied building with a large pond in front of it. The palace is now in ruins, but it still retains its old-world charm.",Manikganj,Free,N/A
Try Vaggokul Misti – Sweet,Food,"A must-visit for anyone with a sweet tooth, Vaggokul Misti is a popular sweet shop located in Manikganj. The shop offers a wide range of delicious sweets, including rasgulla, cham cham, and sandesh.",Manikganj,N/A,N/A
Padmahema Dham,Religious Site,"A sacred shrine located in the Manikganj district. The shrine is dedicated to Padmahema, a revered saint who is believed to have lived in the area during the 19th century. The shrine is a popular destination for pilgrims and visitors alike, who come to pay their respects and seek blessings.",Manikganj,Free,N/A
Sonarong Jora Moth,Historical Landmark,A historical mosque located in the Sonarong village of Manikganj district. The mosque is believed to have been built during the Mughal period and is considered to be an important example of Mughal architecture.,"Sonarong, Manikganj",Free,N/A
Baba Adam Mosque,Religious Site,A mosque located in the Rampal village of Manikganj district. The mosque is believed to have been built during the Mughal period and is considered to be an important example of Mughal architecture.,"Rampal, Manikganj",Free,N/A
Arial Bil,Natural Attraction,"A scenic location in Manikganj district that is famous for its stunning natural beauty. The area is home to a variety of flora and fauna, including several species of birds and fish.",Manikganj,Free,N/A
Vaggokul Palace,Historical Landmark,"A historical palace located in Manikganj. The palace was built in the early 20th century by a wealthy landowner and philanthropist. The palace is a two-storied building with a large pond in front of it. The palace is now in ruins, but it still retains its old-world charm.",Manikganj,Free,N/A
JAGDISH CHANDRA BOSE MEMORIAL MUSEUM,Museum,"A museum dedicated to the life and works of Jagdish Chandra Bose, a renowned scientist and inventor. The museum contains a collection of artifacts, photographs, and documents related to his life and works.",Manikganj,50,10:00 AM - 5:00 PM
Sonargaon,Historical Landmark,"A historic city located in the Narayanganj district. The city was the capital of the ancient kingdom of Bengal and is home to several important historical landmarks, including the Folk and Crafts Museum, the Panam Nagar, and the Sonargaon Museum.",Narayanganj,Free,N/A
Zinda Park,Picnic Spot,"A picturesque picnic spot located in the Narayanganj district. The park features a variety of attractions and amenities, including a playground, a walking track, and a picnic area.",Narayanganj,50,N/A
Murapara Zamindar Ghar,Historical Landmark,A historical palace built in the 19th century by the Murapara zamindars. The palace is a two-storied building with a large pond in front of it.,Narayanganj,Free,N/A
Jadughar,Museum,"A museum dedicated to the history and culture of Narayanganj district. The museum contains a collection of artifacts, photographs, and documents related to the district’s rich cultural heritage.",Narayanganj,50,10:00 AM - 5:00 PM
Balliapara Zamindar House,Historical Landmark,A historical palace built in the 19th century by the Balliapara zamindars. The palace is a two-storied building with a large pond in front of it.,Narayanganj,Free,N/A
Goaldi Mosque,Religious Site,A mosque located in the Goaldi village of Narayanganj district. The mosque is believed to have been built during the Mughal period and is considered to be an important example of Mughal architecture.,Narayanganj,Free,N/A
Shoshi Lodge,Palace,"A palace rebuilt after an earthquake in 1897. It has 18 large rooms, two-story bathrooms, ponds, and marble ghats.",Mymensingh district,N/A,N/A
Muktagasa Zamindar House,Palace,A historic palace built in the 19th century by Maharaj Suryakant Acharya Chowdhury.,Mymensingh district,N/A,N/A
Ramgopalpur Zamindar House,Palace,"A palace built in the early 19th century by Ramgopal Roy, a zamindar of Bengal.",Mymensingh district,N/A,N/A
Bipin Park,Park,A peaceful park with a lake and a fountain.,Mymensingh district,N/A,N/A
Atharbari Zamindar Bari,Palace,A palace built in the 19th century by the zamindars of Atharbari.,Mymensingh district,N/A,N/A
"Botanical Garden, Mymensingh",Garden,A garden with a wide variety of plants and trees.,Mymensingh district,N/A,N/A
Shilpacharya Zainul Abedin Sangrahashala,Museum,An art museum containing the collections of the artist Shilpacharya Zainul Abedin.,Mymensingh district,N/A,"Monday 10:30 - 17:30, Tuesday 10:30 - 17:30, Wednesday 10:30 - 17:30, Friday 15:00 - 20:00, Saturday 10:30 - 17:30, Sunday 10:30 - 17:30"
Bonorani Forest Resort,Resort,A beautiful resort located in the heart of Sherpur. It offers a variety of stunning attractions that will leave you amazed.,Sherpur district,N/A,N/A
Pone Tin Ani Zamindar House,Palace,A historic palace built in the 19th century by Maharaj Suryakant Acharya Chowdhury.,Sherpur district,N/A,N/A
Panihata-Tarani Hills,Hill,A beautiful hill located in the peaceful Ramachandrakura area near Garo Hills.,Sherpur district,N/A,N/A
Mai Saheba Jame Masjid,Mosque,An architectural marvel of a mosque.,Sherpur district,N/A,N/A
Rajar Pahar,Hill,A hill with a beautiful view.,Sherpur district,N/A,N/A
Modhutila Ecopark,Park,A beautiful park with a lake and a fountain.,Sherpur district,N/A,N/A
Gozni Leisure Centre,Leisure Centre,A leisure centre with a variety of activities.,Sherpur district,N/A,"Monday 08:00 - 21:00, Tuesday 08:00 - 21:00, Wednesday 08:00 - 21:00, Thursday 08:00 - 21:00, Friday 08:00 - 21:00, Saturday 08:00 - 21:00, Sunday 08:00 - 21:00"
Shrine of Sher Ali Gazi,Shrine,A beautiful shrine.,Sherpur district,N/A,N/A
Ethnic Cultural Academy,Cultural,"A popular tourist attraction that showcases the culture of small ethnic groups in Bangladesh. Visitors can observe and participate in traditional rituals performed by the Hajong, Koch, Dalu, Mandai, and Banai groups.","Birishiri, Durgapur",Free,9:00 AM - 5:00 PM
Dingapota Haor,Natural,A beautiful place that offers many experiences such as bird watching and boat rides.,Netrokona,Free,9:00 AM - 5:00 PM
Komola Rani Dighi,Historical,A must-see spot in Netrokona.,Netrokona,Free,9:00 AM - 5:00 PM
Tomb of Seven Martyrs,Historical,A symbol of bravery.,Netrokona,Free,9:00 AM - 5:00 PM
Someshwari River,Natural,A beautiful river in Durgapur.,Durgapur,Free,9:00 AM - 5:00 PM
Birishiri,Natural,A hidden treasure waiting to be discovered.,"Birishiri, Durgapur",Free,9:00 AM - 5:00 PM
Balikhela,Natural,"A mesmerizing place that offers much more than just scenic beauty. One aspect that makes Balikhela unique is its traditional handicrafts. The locals here are skilled artisans who create exquisite handicrafts using traditional techniques. From intricately woven baskets to beautifully painted pottery, you can find a wide variety of handicrafts that showcase the rich cultural heritage of the area. When it comes to cuisine, Balikhela has a distinct local flavor that you must try. The traditional dishes of this region are a treat for your taste buds. From mouth-watering fish curries to delicious rice dishes, the local cuisine is sure to leave you wanting more. Don’t miss out on trying the famous ‘pitha’ – a sweet or savory rice cake that is a specialty of the region. In addition to its handicrafts and cuisine, Balikhela is known for its vibrant cultural festivals. Throughout the year, the locals celebrate various festivals that showcase their traditions and beliefs. From the colorful Baisakhi festival to the lively Jatra performances, there is always something happening in Balikhela that will immerse you in the local culture. Whether you’re interested in traditional handicrafts, local cuisine, or cultural festivals, Balikhela has it all. So, make sure to include this enchanting place in your itinerary when you visit Kishoreganj district.","Karimganj, Kishoreganj district",Free,9:00 AM - 5:00 PM
Nikli Haor,Natural,"Offers a unique experience with its floating villages, clean water games, and bustling fishermen.",Netrokona,Free,9:00 AM - 5:00 PM
Astagram Haor,Natural,A beautiful place that offers many experiences such as bird watching and boat rides.,Kishoreganj,Free,9:00 AM - 5:00 PM
Kavi Chandravati Temple,Historical,A must-see spot in Kishoreganj.,Kishoreganj,Free,9:00 AM - 5:00 PM
Narashunda Lake City,Natural,A beautiful lake city in Kishoreganj.,Kishoreganj,Free,9:00 AM - 5:00 PM
Sheikh Mahmud Shah Mosque,Historical,A beautiful mosque in Kishoreganj.,Kishoreganj,Free,9:00 AM - 5:00 PM
Dhillir Akhra,Historical,A historical place in Kishoreganj.,Kishoreganj,Free,9:00 AM - 5:00 PM
Sayed Nazrul Islam Bridge,Historical,A beautiful bridge in Kishoreganj.,Kishoreganj,Free,9:00 AM - 5:00 PM
Pagla Masjid,Historical,A beautiful mosque in Kishoreganj.,Kishoreganj,Free,9:00 AM - 5:00 PM
Itna Haor,Natural,A beautiful place that offers many experiences such as bird watching and boat rides.,Kishoreganj,Free,9:00 AM - 5:00 PM
Sholakia Eidgah,Religious,A popular place for Eid prayers.,Kishoreganj,Free,9:00 AM - 5:00 PM
Itna Shahi Masjid,Historical,A beautiful mosque in Kishoreganj.,Kishoreganj,Free,9:00 AM - 5:00 PM
Kurikhai Mela,Cultural,A popular cultural festival in Kishoreganj.,Kishoreganj,Free,9:00 AM - 5:00 PM
Satyajit Ray’s Ancestral Home,Historical,A must-see spot in Kishoreganj.,Kishoreganj,Free,9:00 AM - 5:00 PM
Jangalbari Fort,Historical,A fort in Kishoreganj.,Kishoreganj,Free,9:00 AM - 5:00 PM
Fort of Egarsindur,Historical,A fort in Kishoreganj.,Kishoreganj,Free,9:00 AM - 5:00 PM
"Qutub Shah Mosque, Ashtagram",Historical,A beautiful mosque in Kishoreganj.,Kishoreganj,Free,9:00 AM - 5:00 PM
Mohera Jamindar Bari,Historical,"A magnificent zamindar house that offers a plethora of exploration opportunities, with its historical significance and architectural marvel. Spread over eight acres of land, the Mohera Jamindar Bari is a sight to behold. The three main buildings, along with the naib sahib’s house, kasari ghar, gomastad’s house, and three lodges, showcase the grandeur and opulence of the zamindar era. The presence of small parks, a zoo, picnic spots, and boat rides around the landlord’s house only adds to the charm and allure of this place. One of the highlights of this zamindar house is the Vishakha Sagar, a dighi that sits majestically before the entrance. It serves as a reminder of the historical significance of this place and its connection to the zamindar’s legacy. Additionally, the Pasra Pond and Rani Pond located at the back of the main building offer a serene and tranquil setting for visitors to enjoy.",Tangail,Free,9:00 AM - 5:00 PM
Karatia Jomidar Bari,Historical,"A historical site known for its Mughal and Chinese architectural techniques. This magnificent house was built by Zamindar Wazed Ali Khan Ponni, who incorporated these architectural influences to create a unique and awe-inspiring structure.",Tangail,Free,9:00 AM - 5:00 PM
Pakutia Zamindar Bari,Historical,A historical site that is known for its architectural wonders.,Tangail,Free,9:00 AM - 5:00 PM
Atia Mosque,Historical,A wonderful blend of both Mughal and Sultanate styles of architecture.,Delduar Upazila,Free,9:00 AM - 5:00 PM
JALCHHATRA PINEAPPLE MARKET,Cultural,A popular market that sells fresh pineapples.,Tangail,Free,9:00 AM - 5:00 PM
Munkona Zamidar Bari,Historical,A historical site that is known for its architectural wonders.,Tangail,Free,9:00 AM - 5:00 PM
Pakulla Jame Masjid,Historical,A beautiful mosque in Tangail.,Tangail,Free,9:00 AM - 5:00 PM
Nagarpur Zamidar Bari,Historical,A historical site that is known for its architectural wonders.,Nagarpur,Free,9:00 AM - 5:00 PM
Sagardighi,Natural,A beautiful lake in Tangail.,Tangail,Free,9:00 AM - 5:00 PM
Pirgachha Rubber Garden,Natural,A beautiful garden in Tangail.,Tangail,Free,9:00 AM - 5:00 PM
Gupta Brindaban,Natural,A beautiful garden in Tangail.,Tangail,Free,9:00 AM - 5:00 PM
Porabari Chomchom,Cultural,A popular sweet shop in Tangail.,Tangail,Free,9:00 AM - 5:00 PM
Porir Dalan,Historical,A historical site that is known for its architectural wonders.,Tangail,Free,9:00 AM - 5:00 PM
Bangabandhu Bridge,Historical,A beautiful bridge in Tangail.,Tangail,Free,9:00 AM - 5:00 PM
Dhanbari Masjid,Historical,A beautiful mosque in Tangail.,Tangail,Free,9:00 AM - 5:00 PM
201 Gombuj Masjid/The 201 Dome Mosque,Historical,A beautiful mosque in Tangail.,Tangail,Free,9:00 AM - 5:00 PM
Adom Kashmir Majar,Religious,A popular shrine in Tangail.,Tangail,Free,9:00 AM - 5:00 PM
Madhupur National Park,Natural,A beautiful national park in Tangail.,Madhupur,Free,9:00 AM - 5:00 PM
Jamuna Resort,Cultural,A popular resort in Tangail.,Tangail,Free,9:00 AM - 5:00 PM
Dhanbari Nawab Manzil,Historical,A beautiful palace in Tangail.,Tangail,Free,9:00 AM - 5:00 PM
Gerda Plaque/Gerda Folok,Historical,"A special stone plaque written in Arabic on the Gerda Mosque’s western wall, known as the Gerda Folok. It is believed that the Gerda Mosque was originally built around this plaque written in 1013 AD or 1604 AD. The plaque was built on a fraction of an ancient mosque built by Shah Ali Baghdadi.","Gerda village, 7 km from ‎‎Faridpur‎‎ Sadar",Free,N/A
The Satoir Mosque/Satoir Masjid,Historical,A mosque that was built in the 16th century during the Mughal period. It is a unique example of Mughal architecture in Bangladesh.,"Satoir, Faridpur",Free,N/A
Madhumati River,Natural,A river that flows through Faridpur district. It is a popular spot for boat rides and picnics.,Faridpur,Free,N/A
Mathurapur Deul,Historical,A temple that was built in the 15th century during the Sena dynasty. It is a unique example of terracotta architecture in Bangladesh.,"Mathurapur, Faridpur",Free,N/A
Kanaipur Zamindar House/Kanaipur Zamidar Bari,Historical,A zamindar house that was built in the 19th century. It is a unique example of colonial architecture in Bangladesh.,"Kanaipur, Faridpur",Free,N/A
Faridpur Municipal Sheikh Russel Children’s Park,Cultural,"A park that is dedicated to Sheikh Russel, the youngest son of Bangabandhu Sheikh Mujibur Rahman. It is a popular spot for families and children.",Faridpur,Free,9:00 AM - 5:00 PM
Patrail Mosque,Historical,A mosque that was built in the 15th century during the Sultanate period. It is a unique example of terracotta architecture in Bangladesh.,"Patrail, Faridpur",Free,N/A
The House of the Polli Poet Jasimudding,Historical,"A house that was built in the 19th century. It is the birthplace of Jasimuddin, a famous Bengali poet.",Faridpur,Free,N/A
Parbat Bagan,Garden,"Established in 1930 by Ras Bihari Parvat, this garden covers about 26 acres of land and is located on the banks of the Kumar River in Mostafapur Union of Madaripur Sadar Upazila. The garden boasts around 500 species of trees, both native and foreign. You’ll find coconut, betel nut, mango, jam, jackfruit, kamranga, amra, kul, safeda, olive, amla, orange, and jamrul trees, among others. These trees not only add to the charm of the garden but also provide shade and a refreshing atmosphere. Additionally, Parbat Bagan is adorned with roses, barley, gandaraj, bakul, and other flowers, making it a feast for the eyes. Besides its botanical diversity, Parbat Bagan holds historical significance. It was a favored destination for high-ranking officials of Madaripur sub-division in the past. The garden’s association with Ras Bihari Parvat, who planted the trees, and the presence of a two-story residence, a temple, and the mausoleums of Ras Bihari Parvat and his parents add to its historical value.",Mostafapur Union of Madaripur Sadar Upazila,Free,9:00 AM - 5:00 PM
Sunil Gangopadhyay Father’s House,Historical,This is the ancestral home of the famous Bengali poet and novelist Sunil Gangopadhyay. The house is located in the village of Faridpur in Madaripur district. The house is a two-story building with a large courtyard. The house has been preserved as a museum and is open to visitors.,Faridpur village,Free,9:00 AM - 5:00 PM
Khalia Zamidar Bari,Historical,This is a historical palace located in the village of Khalia in Madaripur district. The palace was built in the early 19th century by the local zamindar (landlord) and is a fine example of the architecture of that period. The palace has been preserved and is open to visitors.,Khalia village,Free,9:00 AM - 5:00 PM
Senapati Dighi/Shenapoti Lake,Lake,This is a large lake located in the village of Senapati in Madaripur district. The lake is surrounded by lush greenery and is a popular spot for picnics and boating.,Senapati village,Free,9:00 AM - 5:00 PM
Mithapur Zamindar Bari,Historical,This is a historical palace located in the village of Mithapur in Madaripur district. The palace was built in the early 19th century by the local zamindar (landlord) and is a fine example of the architecture of that period. The palace has been preserved and is open to visitors.,Mithapur village,Free,9:00 AM - 5:00 PM
Ganesh Pagol Sebashram,Religious,This is a Hindu temple located in the village of Ganesh Pagol in Madaripur district. The temple is dedicated to Lord Ganesh and is a popular pilgrimage site for Hindus.,Ganesh Pagol village,Free,9:00 AM - 5:00 PM
Shokuni Lake,Lake,This is a small lake located in the village of Shokuni in Madaripur district. The lake is surrounded by lush greenery and is a popular spot for picnics and boating.,Shokuni village,Free,9:00 AM - 5:00 PM
Auliapur Nilkuthi,Historical,This is a historical building located in the village of Auliapur in Madaripur district. The building was used as a residence by the local zamindar (landlord) and is a fine example of the architecture of that period. The building has been preserved and is open to visitors.,Auliapur village,Free,9:00 AM - 5:00 PM
Mohisar Digumbori Dighi,Religious,"The Mahisar Digumbori Dighi is a popular pilgrimage site for Hindus. Locals believe that bathing in its waters can cleanse sins and diseases. This 600-year-old dighi holds immense historical significance and is a witness to the rich cultural heritage of the region. It was dug by Raja Chand Roy, the zamindar of Bikrampur Pargana, at the request of the monks of Digambari. Surrounding the dighi are various structures, including the Digambari Sanyasi Bari, Mela Chattar, Jora Pukur, Mansa Temple, Kali Mandir Chattar, and Lakshmi Temple. The dighi is not only a site for religious rituals but also a treasure trove of archaeological artifacts. During the re-excavation in 1982, many rare artifacts were discovered, including a 42 kg statue. These artifacts provide insights into the historical and cultural practices of the people who lived here centuries ago. The locals hold deep reverence for the dighi and believe in its spiritual powers. They flock to the dighi from far and wide to bathe in its holy waters, seeking purification and healing. Saturdays and Tuesdays are particularly important days for worship, and the Hindu community organizes special ceremonies on the banks of the dighi. In addition to its religious significance, the Mahisar Digumbori Dighi has become a major tourist attraction. The Baishakhi Fair and Puja of Mahishar, held on Pahela Baishakh, draw thousands of devotees and visitors from both home and abroad. The dighi’s serene surroundings and the presence of guest birds in winter add to its natural beauty, making it a must-visit destination.",Vedarganj upazila of Shariatpur district,Free,9:00 AM - 5:00 PM
Burir Hat Jame Masjid,Historical,"Located in Vedarganj upazila of Shariatpur district, Burir Hat Jame Masjid is an exquisite example of Islamic architecture in Bangladesh.",Vedarganj upazila of Shariatpur district,Free,9:00 AM - 5:00 PM
Rudrakar Moth,Religious,Rudrakar Moth is a Hindu temple located in the village of Rudrakar in Shariatpur district. The temple is dedicated to Lord Shiva and is a popular pilgrimage site for Hindus.,Rudrakar village,Free,9:00 AM - 5:00 PM
Sureswar Darbar Sharif,Religious,Sureswar Darbar Sharif is a shrine located in the village of Sureswar in Shariatpur district. The shrine is dedicated to Sufi saint Hazrat Shah Sufi Syed Sureswar. The shrine is visited by people of all religions and is a symbol of communal harmony.,Sureswar village,Free,9:00 AM - 5:00 PM
Dhanuka Manasha Bari,Historical,Dhanuka Manasha Bari is a historical house located in the village of Dhanuka in Shariatpur district. The house was built in the early 19th century by the local zamindar (landlord) and is a fine example of the architecture of that period. The house has been preserved and is open to visitors.,Dhanuka village,Free,9:00 AM - 5:00 PM
Modern Fantasy Kingdom,Amusement Park,"Modern Fantasy Kingdom is an amusement park located in the village of Bhozeshwar in Shariatpur district. The park features a variety of rides and attractions, including a roller coaster, a Ferris wheel, a water park, and a haunted house.",Bhozeshwar village,200 BDT,10:00 AM - 6:00 PM
Murshid Jamai Pagol Mazar Sharif,Religious,"Murshid Jamai Pagol Mazar Sharif is a popular shrine in Rajbari known for its miraculous healing powers. People from all walks of life visit this sacred place seeking relief from their troubles and ailments. The shrine is believed to have been established by a man wearing a nengti in the 1960s, who took up residence under the sheora tree. Since then, countless miracles have been attributed to him. One of the most famous miracles associated with the shrine is the story of a dumb girl who was married off to a madman. After spending the first night as husband and wife, the girl miraculously regained her speech. However, the mad son-in-law disappeared and was eventually found in Aladipur. From that moment on, the name ‘son-in-law crazy’ became well-known in the area. The healing powers of Murshid Jamai Pagol are said to extend beyond the realm of speech. It is believed that he healed many people suffering from cholera when he first arrived in Aladipur. As word spread about his abilities, more and more people came to him seeking relief from various dangers and problems. It is said that if someone shared their troubles with him, he would repeat their words and provide a solution. Over the years, the shrine has been cared for by different individuals. After the death of the son-in-law madman, a visitor took charge of the funeral arrangements and a shrine was built in his honor. Later, a man named Noor Baker Shah became the caretaker, followed by Gauri Pagli. These shrine caretakers have played a vital role in maintaining the sacredness of the place and ensuring that the rituals and traditions are upheld. Inside the shrine, there are separate graves for Murshid Jamai Pagol, Nur Baker Shah, and Gauri Pagli. The premises also boast a magnificent mosque, where devotees gather to offer prayers and seek blessings.",Vedarganj upazila of Shariatpur district,Free,9:00 AM - 5:00 PM
Rajbari Government High School,Historical,Rajbari Government High School is a historic school located in Rajbari district. The school was established in 1836 and is one of the oldest schools in Bangladesh. The school has a rich history and has produced many notable alumni over the years. The school building is an impressive structure and is a fine example of colonial architecture.,Rajbari district,Free,9:00 AM - 5:00 PM
Mir Mosharraf Hossain Memorial Center,Historical,"Mir Mosharraf Hossain Memorial Center is a museum dedicated to the life and works of the famous Bengali author Mir Mosharraf Hossain. The museum is located in the village of Lahinipara in Rajbari district. The museum houses a collection of artifacts related to the author, including his personal belongings, manuscripts, and photographs. The museum also has a library that contains a large collection of books and journals on Bengali literature.",Lahinipara village,Free,9:00 AM - 5:00 PM
Kalyan Dhigi,Historical,Kalyan Dhigi is a historical site located in Rajbari district. The site is believed to have been built during the reign of the Sena dynasty in the 12th century. The site consists of a large pond surrounded by a brick wall. The pond is believed to have been used for bathing by the royal family. The site is also home to a temple dedicated to Lord Shiva.,Rajbari district,Free,9:00 AM - 5:00 PM
Jor Bangla Mandir,Historical,"Jor Bangla Mandir is a historic temple located in Rajbari district. The temple was built in the 17th century by Raja Sitaram Ray in Nolia village, Jamalpur union. The temple is an ancient temple following an old Hindu architectural design.","Nolia village, Jamalpur union",Free,9:00 AM - 5:00 PM
Thawe Temple,Religious,"Thawe Temple, also known as the Temple of Maa Thawewali, is located in Thawe, Bihar, India. It is situated only 6 km from Gopalganj town on the Gopalganj-Siwan National Highway. The temple is dedicated to Goddess Durga and is a popular pilgrimage site for Hindus.","Thawe, Bihar, India",Free,24 hours
Lalbagh Fort,Historical,"Lalbagh Fort is a 17th-century Mughal fort complex located in Dhaka, Bangladesh. The fort was built in 1678 by Prince Muhammad Azam, the third son of Emperor Aurangzeb. The fort complex consists of three main buildings: the Diwan-i-Aam, the Diwan-i-Khas, and the Tomb of Pari Bibi. The fort is open to visitors and is a popular tourist attraction in Dhaka.","Lalbagh Rd, Dhaka City, Dhaka, Bangladesh",50 BDT,10:00 AM - 6:00 PM
Thawe Temple,Religious,"Thawe Temple, also known as the Temple of Maa Thawewali, is located in Thawe, Bihar, India. It is situated only 6 km from Gopalganj town on the Gopalganj-Siwan National Highway. The temple is dedicated to Goddess Durga and is a popular pilgrimage site for Hindus.","Thawe, Bihar, India",Free,24 hours
Lalbagh Fort,Historical,"Lalbagh Fort is a 17th-century Mughal fort complex located in Dhaka, Bangladesh. The fort was built in 1678 by Prince Muhammad Azam, the third son of Emperor Aurangzeb. The fort complex consists of three main buildings: the Diwan-i-Aam, the Diwan-i-Khas, and the Tomb of Pari Bibi. The fort is open to visitors and is a popular tourist attraction in Dhaka.","Lalbagh Rd, Dhaka City, Dhaka, Bangladesh",50 BDT,10:00 AM - 6:00 PM
Sixty Dome Masjid,Religious Site,"A UNESCO World Heritage Site, this mosque is known for its unique architecture and is a must-visit for history buffs.",Bagerhat,Free,9:00 AM - 6:00 PM
Khan Jahan Ali’s Shrine,Religious Site,This shrine is dedicated to the founder of Bagerhat and is a popular pilgrimage site.,Bagerhat,Free,9:00 AM - 6:00 PM
Ranvijaypur Mosque,Religious Site,This mosque is known for its intricate terracotta designs and is a great place to visit for architecture enthusiasts.,Bagerhat,Free,9:00 AM - 6:00 PM
Durgapur Shiva Math,Religious Site,This temple is dedicated to Lord Shiva and is a popular pilgrimage site for Hindus.,Bagerhat,Free,9:00 AM - 6:00 PM
Rajbari of Banagram,Historical Site,This palace was built in the 19th century and is known for its beautiful architecture.,Bagerhat,Free,9:00 AM - 6:00 PM
Mongla Bandar,Port,This port is a great place to visit for those interested in maritime history.,Mongla,Free,24 hours
Karamjal of Sundarbans,Wildlife Sanctuary,"This wildlife sanctuary is home to a variety of flora and fauna, including the Royal Bengal Tiger.",Mongla,50,8:00 AM - 5:00 PM
Hiron Point,Wildlife Sanctuary,"This is another great place to visit for wildlife enthusiasts, as it is home to a variety of animals and birds.",Mongla,50,8:00 AM - 5:00 PM
Kalagachia Ecotourism Park,Ecotourism,This park is renowned for its natural beauty and is a great place to visit for nature enthusiasts.,Satkhira,Free,9:00 AM - 6:00 PM
Jashoreeshwari Kali Temple,Religious Site,This temple is a significant pilgrimage site for Hindus and is known for its ancient architecture.,"Eshwaripur, Shyamnagar Upazila",Free,9:00 AM - 6:00 PM
Tetuliya Jame Mosque,Religious Site,This mosque is an old mosque from the 18th century built in the Mughal style and is a popular tourist destination in the district due to its historical and religious significance.,Tala Upazila,Free,9:00 AM - 6:00 PM
Mandarbaria Beach,Beach,This 17-kilometer-long beach is a great place to relax and unwind. The Hariabhanga River’s banks can be viewed from the shore.,Shyamnagar Upazila,Free,24 hours
Mozaffer Garden and Resort,Resort,This resort is a great place to stay and relax.,Satkhira,Free,24 hours
Jess Garden Park,Park,"This park is located in a beautiful and quiet environment near Bahadurpur High School, just 3 km from the Jashore district.",Jessore,Free,9:00 AM - 6:00 PM
Imambari,Historical Site,This site is a historical palace built by the Nawabs of Bengal and is known for its beautiful architecture.,Keshabpur,Free,9:00 AM - 6:00 PM
Deul Bharat,Historical Site,This temple is a significant pilgrimage site for Hindus and is known for its ancient architecture.,Keshabpur,Free,9:00 AM - 6:00 PM
Khanjalir Dighi,Lake,This lake is a great place to visit for those interested in natural beauty and bird watching.,Jessore,Free,24 hours
Madhu Palli,Historical Site,This site is the birthplace of the famous poet Michael Madhusudan Dutta and is a great place to visit for literature enthusiasts.,Sagardari,Free,9:00 AM - 6:00 PM
Hammamkhana,Historical Site,This site is a historical bathhouse built by the Nawabs of Bengal and is known for its beautiful architecture.,Mirzanagar,Free,9:00 AM - 6:00 PM
Khan Jahan Ali Jami Mosque,Religious Site,This mosque is a significant pilgrimage site for Muslims and is known for its unique architecture.,Abhaynagar,Free,9:00 AM - 6:00 PM
Zamindar Bari,Historical Site,This palace was built in the 19th century and is known for its beautiful architecture.,Sridharpur,Free,9:00 AM - 6:00 PM
Rup-Sonatan Dham,Religious Site,This temple is a significant pilgrimage site for Hindus and is known for its beautiful architecture.,Jessore,Free,9:00 AM - 6:00 PM
Jess Garden Park,Park,"This park is located in a beautiful and quiet environment near Bahadurpur High School, just 3 km from the Jashore district.",Jessore,Free,9:00 AM - 6:00 PM
Imambari,Historical Site,This site is a historical palace built by the Nawabs of Bengal and is known for its beautiful architecture.,Keshabpur,Free,9:00 AM - 6:00 PM
Deul Bharat,Historical Site,This temple is a significant pilgrimage site for Hindus and is known for its ancient architecture.,Keshabpur,Free,9:00 AM - 6:00 PM
Khanjalir Dighi,Lake,This lake is a great place to visit for those interested in natural beauty and bird watching.,Jessore,Free,24 hours
Madhu Palli,Historical Site,This site is the birthplace of the famous poet Michael Madhusudan Dutta and is a great place to visit for literature enthusiasts.,Sagardari,Free,9:00 AM - 6:00 PM
Hammamkhana,Historical Site,This site is a historical bathhouse built by the Nawabs of Bengal and is known for its beautiful architecture.,Mirzanagar,Free,9:00 AM - 6:00 PM
Khan Jahan Ali Jami Mosque,Religious Site,This mosque is a significant pilgrimage site for Muslims and is known for its unique architecture.,Abhaynagar,Free,9:00 AM - 6:00 PM
Zamindar Bari,Historical Site,This palace was built in the 19th century and is known for its beautiful architecture.,Sridharpur,Free,9:00 AM - 6:00 PM
Rup-Sonatan Dham,Religious Site,This temple is a significant pilgrimage site for Hindus and is known for its beautiful architecture.,Jessore,Free,9:00 AM - 6:00 PM
Sixty Dome Masjid,Religious Site,"A UNESCO World Heritage Site, this mosque is known for its unique architecture and is a must-visit for history buffs.",Bagerhat,Free,9:00 AM - 6:00 PM
Khan Jahan Ali’s Shrine,Religious Site,This shrine is dedicated to the founder of Bagerhat and is a popular pilgrimage site.,Bagerhat,Free,9:00 AM - 6:00 PM
Ranvijaypur Mosque,Religious Site,This mosque is known for its intricate terracotta designs and is a great place to visit for architecture enthusiasts.,Bagerhat,Free,9:00 AM - 6:00 PM
Durgapur Shiva Math,Religious Site,This temple is dedicated to Lord Shiva and is a popular pilgrimage site for Hindus.,Bagerhat,Free,9:00 AM - 6:00 PM
Rajbari of Banagram,Historical Site,This palace was built in the 19th century and is known for its beautiful architecture.,Bagerhat,Free,9:00 AM - 6:00 PM
Mongla Bandar,Port,This port is a great place to visit for those interested in maritime history.,Mongla,Free,24 hours
Karamjal of Sundarbans,Wildlife Sanctuary,"This wildlife sanctuary is home to a variety of flora and fauna, including the Royal Bengal Tiger.",Mongla,50,8:00 AM - 5:00 PM
Hiron Point,Wildlife Sanctuary,"This is another great place to visit for wildlife enthusiasts, as it is home to a variety of animals and birds.",Mongla,50,8:00 AM - 5:00 PM
Golakata Mosque,Historical Place,"A historical spot in Jhenaidah that attracts many visitors. It was built during the Sultani era in the 16th century by Khan Jahan Ali and holds significant historical value. The mosque has a stunning design with its six dome-shaped walls, beautifully decorated semi-circular mihrabs, and two stone minarets. The surrounding area of Golakata Dighi adds to the charm of the mosque. According to legends, the Dighi got its name from a cruel king of Barobazar who would throw his subjects into the Dighi after cutting their throats. The Golakata Mosque not only preserves artifacts from the 15th century but also showcases the architectural brilliance of that era.","Golakata, Jhenaidah",Free,9:00 AM - 5:00 PM
K.P. Basu’s house,Historical Place,"This historical house holds immense historical value and is renowned for its architectural features. The house has been renovated over the years to preserve its heritage. K.P. Basu’s house is a testament to the rich cultural legacy of Jhenaidah. The house showcases intricate designs and skilled craftsmanship, combining traditional and modern elements in a unique way.",Jhenaidah,Free,9:00 AM - 5:00 PM
Shailkupa Shahi Masjid,Historical Place,A beautiful mosque located in Shailkupa Upazila of Jhenaidah district. It was built during the Mughal period and is known for its unique architectural style. The mosque has a large courtyard and a beautiful garden.,"Shailkupa, Jhenaidah",Free,9:00 AM - 5:00 PM
Jor Bangla Masjid,Historical Place,A beautiful mosque located in Jor Bangla village of Jhenaidah district. It was built during the Mughal period and is known for its unique architectural style. The mosque has a large courtyard and a beautiful garden.,"Jor Bangla, Jhenaidah",Free,9:00 AM - 5:00 PM
Shailkupa Zamindar House,Historical Place,A beautiful zamindar house located in Shailkupa Upazila of Jhenaidah district. It was built during the British period and is known for its unique architectural style. The house has a large courtyard and a beautiful garden.,"Shailkupa, Jhenaidah",Free,9:00 AM - 5:00 PM
Banyan tree in Mollickpur,Natural Spot,A beautiful banyan tree located in Mollickpur village of Jhenaidah district. It is one of the largest banyan trees in Bangladesh and is estimated to be over 200 years old. The tree has a large canopy and provides a cool shade to visitors.,"Mollickpur, Jhenaidah",Free,9:00 AM - 5:00 PM
Dhol Samudra Dighi,Natural Spot,A beautiful lake located in Jhenaidah district. It is a popular picnic spot and attracts many visitors. The lake has a large area and is surrounded by lush green trees.,Jhenaidah,Free,9:00 AM - 5:00 PM
Naldanga Rajbari Resort,Picnic Spot,A perfect picnic spot located in Naldanga Upazila of Jhenaidah district. The resort has a large area and is surrounded by lush green trees. It is a popular destination for families and friends.,"Naldanga, Jhenaidah",Free,9:00 AM - 5:00 PM
Barobazar,Market,A lively market located in Jhenaidah district. It is known for its vibrant atmosphere and is a popular destination for shopping.,Jhenaidah,Free,9:00 AM - 5:00 PM
Miya’s Building,Historical Place,A charming building located in Jhenaidah district. It was built during the British period and is known for its unique architectural style. The building has a large courtyard and a beautiful garden.,Jhenaidah,Free,9:00 AM - 5:00 PM
Johan Drim Valley Park and Resort,Amusement Park,A popular amusement park located in Jhenaidah district. It has a large area and is surrounded by lush green trees. The park has many rides and attractions for visitors of all ages.,Jhenaidah,50 BDT,10:00 AM - 8:00 PM
Narail Badha Ghat,Historical Place,"The main attraction of Narail Badha Ghat is a camp built on a tall column, where locals come to relax and have a good time. This ghat is really important to the culture of the area and has a long and interesting history. The zamindar of Narail built it so he could enjoy the river and the beautiful scenery around it. The locals call it Rajbari Ghat and there is also the zamindar’s house nearby. Narail Badha Ghat gives people a chance to go boating on the peaceful Chitra river. It’s a great way to enjoy the calmness of the area and see the pretty landscape. This ghat is a reminder of the region’s past and it attracts both locals and tourists.",Narail,Free,9:00 AM - 5:00 PM
Niharranjan Gupta’s house,Historical Place,"Niharranjan Gupta’s house, situated in Itna village of Lohagara Upazila, is a cherished treasure recognized by the Bangladesh Archaeology Department in 2003. This old house holds great historical importance because of its rich heritage and exceptional wooden craftsmanship. As you enter, you will be mesmerized by the intricate wooden designs of flowers and vines that adorn the doors, windows, and wall cabinets. The house has three rooms, a temple with a porch, and a narrow porch with seven rooms and arches. The dedicated preservation team has ensured that this architectural gem remains intact, even after the passing of time.","Itna, Lohagara Upazila, Narail",Free,9:00 AM - 5:00 PM
Sultan Complex,Historical Place,"The Sultan Complex is a group of buildings located in the heart of Narail town. It was built during the reign of Sultan Ghiyasuddin Azam Shah in the 15th century. The complex consists of a mosque, a tomb, and a palace. The mosque is a beautiful example of Mughal architecture and has intricate designs and carvings. The tomb is the final resting place of Sultan Ghiyasuddin Azam Shah and is a popular destination for visitors. The palace is now in ruins but still holds great historical value.",Narail,Free,9:00 AM - 5:00 PM
Shopnobithi Picnic Spot,Picnic Spot,Shopnobithi Picnic Spot is a popular destination for families and friends. It is located in the heart of Narail town and has a large area for picnics and other outdoor activities. The park has many rides and attractions for visitors of all ages.,Narail,Free,9:00 AM - 5:00 PM
Niribili Picnic Spot,Picnic Spot,Niribili Picnic Spot is another popular destination for families and friends. It is located in the heart of Narail town and has a large area for picnics and other outdoor activities. The park has many rides and attractions for visitors of all ages.,Narail,Free,9:00 AM - 5:00 PM
Shelaidaha Kuthi Bari,Historical Place,"A historical site located in Kumarkhali, Kushtia. It was the residence of Rabindranath Tagore during his visits to East Bengal. The place has been converted into a museum and displays various artifacts related to Tagore’s life and work. The museum is open to visitors throughout the year, but it is best to visit during the 25th Baishakh of Bangla calendar (8th of May) when a large village fair is organized there .",,,
Lalon Shah’s Shrine,Historical Place,The shrine of Fakir Lalon Shah is located in Kumarkhali Upazila of the Kushtia district. Lalon Shah was a famous philosopher and poet who lived in the 19th century. The shrine is revered for its spiritual significance and attracts many visitors. The best time to visit is during the Dol purnima of the 11th month of Bangla calendar (which is usually between February-March) .,,,
Jhaudia Shahi mosque,Historical Place,A small mosque located in Kushtia district which is worth a visit. It is not that much popular amongst the tourists who visit Kushtia. But if you are a fan of Mughal architecture and history then this mosque is for you. It takes about an hour to reach near the mosque using public transportation .,,,
Jugia Tati Para,Cultural Spot,"A village located near Kushtia town where people weave cloth using handlooms. During your visit, you can see how they are doing the weaving, how their life is, and many more. If you are a fan of off-road tourists activities then this is the activity for you .",,,
Tagore lodge,Historical Place,A small building located in Millpara of Kushtia town. It is a duplex building that was used by the poet Rabindranath Tagore .,,,
Kuthibari Park,Picnic Spot,"A popular picnic spot located in the heart of Kushtia. The park is beautifully landscaped and has a children’s playground, a mini-zoo, and a lake where you can enjoy boating .",,,
Alamdanga Slaughter House,Historical,A museum and sculpture dedicated to the victims of a massacre during the liberation war,Chuadanga district,Free,9:00 AM - 5:00 PM
Thakurpur Jame Mosque,Religious,A mosque with a modern entrance arch and a big pond,"Thakurpur village, Chuadanga district",Free,9:00 AM - 5:00 PM
Darshana,Nature,A small town with a beautiful landscape,"Darshana, Chuadanga district",Free,N/A
Mehrun Children’s Park,Amusement,A lively park with a playground and a fountain,Chuadanga district,Free,9:00 AM - 5:00 PM
Police Park,Nature,A calm park with a pond and a walking track,Chuadanga district,Free,9:00 AM - 5:00 PM
Keru &amp; Co.,Winery,A winery that produces and sells wine,Chuadanga district,Free,9:00 AM - 5:00 PM
Eight Graves,Historical,A site with eight graves of unknown soldiers,Chuadanga district,Free,9:00 AM - 5:00 PM
Gholdari Shahi Masjid,Religious,A grand mosque with a beautiful architecture,Chuadanga district,Free,9:00 AM - 5:00 PM
Siddheswari Kali Temple,Religious,A temple where locals come to worship and take part in various Hindu rituals,Meherpur district,Free,N/A
Sabitri and Rosh Kodom Sweets,Food,A sweet shop that sells traditional Bengali sweets,Meherpur district,Free,9:00 AM - 5:00 PM
Amdah Village,Historical,A village with stunning architecture,"Amdah village, Meherpur district",Free,N/A
Amjhopi Neelkuthi,Historical,A historic site with a colonial-era building,"Amjhopi, Meherpur district",Free,N/A
DC Ecopark,Nature,A picturesque park with a lake and a walking track,Meherpur district,Free,9:00 AM - 5:00 PM
Mujibnagar Memorial Complex,Historical,A memorial complex dedicated to the first provisional government of Bangladesh,"Mujibnagar, Meherpur district",Free,9:00 AM - 5:00 PM
